0,0,-100.0,0.0,181.14420572916666
0,0,-100.0,3.0,181.35055881076389
0,0,-100.0,6.0,181.94186740451389
0,0,-100.0,9.0,182.94509548611117
0,0,-100.0,12.0,184.18155924479166
0,0,-100.0,15.0,185.6725260416667
0,0,-100.0,18.0,187.3458116319444
0,0,-100.0,21.0,189.29022894965277
0,0,-100.0,24.0,191.48111979166663
0,0,-100.0,27.0,194.14122178819443
0,0,-100.0,30.0,197.12858072916669
0,0,-100.0,33.0,200.37847222222226
0,0,-100.0,36.0,204.00840928819443
0,0,-100.0,39.0,208.20423719618054
0,0,-100.0,42.0,212.71869574652774
0,0,-100.0,45.0,217.5896809895834
0,0,-100.0,48.0,222.86751302083334
0,0,-100.0,51.0,228.68359375000003
0,0,-100.0,54.0,235.00043402777777
0,0,-100.0,57.0,241.85557725694446
0,0,-100.0,60.0,248.98592122395831
0,0,-100.0,63.0,255.96275499131946
0,0,-100.0,66.0,262.56599934895837
0,0,-100.0,69.0,268.97534179687506
0,0,-100.0,72.0,275.22425672743054
0,0,-100.0,75.0,281.70917426215277
0,0,-100.0,78.0,288.2643229166667
0,0,-100.0,81.0,295.2301703559027
0,0,-100.0,84.0,302.59806315104174
0,0,-100.0,87.0,309.79752604166674
0,0,-100.0,90.0,316.02536349826386
0,0,-100.0,93.0,320.81716579861114
0,0,-100.0,96.0,325.07321506076386
0,0,-100.0,99.0,328.95231119791663
0,0,-100.0,102.0,332.73611111111114
0,0,-100.0,105.0,336.42602539062494
0,0,-100.0,108.0,340.29994032118054
0,0,-100.0,111.0,344.2689073350694
0,0,-100.0,114.0,348.3720703125
0,0,-100.0,117.0,352.59337022569446
0,0,-100.0,120.0,356.449462890625
0,0,-100.0,123.0,360.2162272135417
0,0,-100.0,126.0,364.18017578124994
0,0,-100.0,129.0,368.06054687499994
0,0,-100.0,132.0,371.5423990885417
0,0,-100.0,135.0,374.6958550347223
0,0,-100.0,138.0,377.27796766493054
0,0,-100.0,141.0,378.79215494791674
0,0,-100.0,144.0,379.322509765625
0,0,-100.0,147.0,379.23700629340277
0,0,-100.0,150.0,378.656982421875
0,0,-100.0,153.0,377.37803819444446
0,0,-100.0,156.0,375.7175564236112
0,0,-100.0,159.0,373.8529188368056
0,0,-100.0,162.0,372.176513671875
0,0,-100.0,165.0,370.8824327256945
0,0,-100.0,168.0,370.0700141059027
0,0,-100.0,171.0,369.4716796875
0,0,-100.0,174.0,368.83629014756946
0,0,-100.0,177.0,368.13956705729163
0,0,-100.0,180.0,367.8206380208333
0,0,-90.0,0.0,185.947265625
0,0,-90.0,3.0,186.18063693576386
0,0,-90.0,6.0,186.81209309895831
0,0,-90.0,9.0,187.78545464409714
0,0,-90.0,12.0,188.99235026041663
0,0,-90.0,15.0,190.51131184895834
0,0,-90.0,18.0,192.16837565104169
0,0,-90.0,21.0,194.1172417534722
0,0,-90.0,24.0,196.36173502604163
0,0,-90.0,27.0,199.01877170138889
0,0,-90.0,30.0,201.9281955295138
0,0,-90.0,33.0,205.09372287326389
0,0,-90.0,36.0,208.7265625
0,0,-90.0,39.0,212.89016384548611
0,0,-90.0,42.0,217.32831488715271
0,0,-90.0,45.0,222.11851671006943
0,0,-90.0,48.0,227.38566080729163
0,0,-90.0,51.0,233.15152994791666
0,0,-90.0,54.0,239.43619791666669
0,0,-90.0,57.0,246.21123589409729
0,0,-90.0,60.0,253.12131076388886
0,0,-90.0,63.0,259.58951822916663
0,0,-90.0,66.0,265.7778591579861
0,0,-90.0,69.0,271.67100694444446
0,0,-90.0,72.0,277.52134874131946
0,0,-90.0,75.0,283.5402289496529
0,0,-90.0,78.0,289.7301974826388
0,0,-90.0,81.0,296.3337131076389
0,0,-90.0,84.0,303.13658311631946
0,0,-90.0,87.0,309.5807834201389
0,0,-90.0,90.0,314.8708767361112
0,0,-90.0,93.0,318.98882378472223
0,0,-90.0,96.0,322.54896375868054
0,0,-90.0,99.0,325.9564887152777
0,0,-90.0,102.0,329.28667534722223
0,0,-90.0,105.0,332.48912217881934
0,0,-90.0,108.0,335.9166395399306
0,0,-90.0,111.0,339.45307074652777
0,0,-90.0,114.0,343.14157443576386
0,0,-90.0,117.0,346.8269856770832
0,0,-90.0,120.0,350.26538085937506
0,0,-90.0,123.0,353.7821723090279
0,0,-90.0,126.0,357.43929036458337
0,0,-90.0,129.0,360.8650716145833
0,0,-90.0,132.0,363.9817979600694
0,0,-90.0,135.0,366.7096082899305
0,0,-90.0,138.0,368.5748155381944
0,0,-90.0,141.0,369.23942057291674
0,0,-90.0,144.0,369.00065104166674
0,0,-90.0,147.0,368.1154513888889
0,0,-90.0,150.0,366.81684027777766
0,0,-90.0,153.0,364.9929741753473
0,0,-90.0,156.0,363.33078342013886
0,0,-90.0,159.0,361.68218315972234
0,0,-90.0,162.0,359.9956597222223
0,0,-90.0,165.0,358.60015190972223
0,0,-90.0,168.0,357.79619683159723
0,0,-90.0,171.0,357.3788519965277
0,0,-90.0,174.0,356.82834201388886
0,0,-90.0,177.0,356.6523708767361
0,0,-90.0,180.0,356.4811197916667
0,0,-80.0,0.0,191.015625
0,0,-80.0,3.0,191.27549913194443
0,0,-80.0,6.0,191.92808702256946
0,0,-80.0,9.0,192.84730360243054
0,0,-80.0,12.0,194.04071723090277
0,0,-80.0,15.0,195.56445312499994
0,0,-80.0,18.0,197.22135416666666
0,0,-80.0,21.0,199.19666883680557
0,0,-80.0,24.0,201.4969889322916
0,0,-80.0,27.0,204.09475368923614
0,0,-80.0,30.0,206.87280273437506
0,0,-80.0,33.0,209.98670789930554
0,0,-80.0,36.0,213.61707899305557
0,0,-80.0,39.0,217.66623263888889
0,0,-80.0,42.0,222.00246853298606
0,0,-80.0,45.0,226.73025173611117
0,0,-80.0,48.0,231.97721354166663
0,0,-80.0,51.0,237.67862955729166
0,0,-80.0,54.0,243.85994466145831
0,0,-80.0,57.0,250.4988878038194
0,0,-80.0,60.0,257.0891927083333
0,0,-80.0,63.0,263.06686740451386
0,0,-80.0,66.0,268.74991861979174
0,0,-80.0,69.0,274.1192491319444
0,0,-80.0,72.0,279.61417643229174
0,0,-80.0,75.0,285.1917317708333
0,0,-80.0,78.0,291.0208604600694
0,0,-80.0,81.0,297.09958224826386
0,0,-80.0,84.0,303.33707682291663
0,0,-80.0,87.0,308.9661187065973
0,0,-80.0,90.0,313.3415256076389
0,0,-80.0,93.0,316.80013020833337
0,0,-80.0,96.0,319.8563368055555
0,0,-80.0,99.0,322.77558051215277
0,0,-80.0,102.0,325.6124674479167
0,0,-80.0,105.0,328.43698459201386
0,0,-80.0,108.0,331.471923828125
0,0,-80.0,111.0,334.57828776041674
0,0,-80.0,114.0,337.87220594618066
0,0,-80.0,117.0,341.0263671875
0,0,-80.0,120.0,344.14407009548614
0,0,-80.0,123.0,347.3879665798612
0,0,-80.0,126.0,350.65500217013897
0,0,-80.0,129.0,353.626953125
0,0,-80.0,132.0,356.2789171006944
0,0,-80.0,135.0,358.50363498263886
0,0,-80.0,138.0,359.6351182725694
0,0,-80.0,141.0,359.51551649305554
0,0,-80.0,144.0,358.41075303819446
0,0,-80.0,147.0,356.86040581597223
0,0,-80.0,150.0,354.82945421006946
0,0,-80.0,153.0,352.67556423611114
0,0,-80.0,156.0,351.0204535590276
0,0,-80.0,159.0,349.69905598958337
0,0,-80.0,162.0,348.2153862847223
0,0,-80.0,165.0,346.9292805989582
0,0,-80.0,168.0,346.0206163194444
0,0,-80.0,171.0,345.2736002604167
0,0,-80.0,174.0,344.7432183159723
0,0,-80.0,177.0,344.8075629340277
0,0,-80.0,180.0,344.8518880208333
0,0,-70.0,0.0,196.40299479166666
0,0,-70.0,3.0,196.59640842013886
0,0,-70.0,6.0,197.282958984375
0,0,-70.0,9.0,198.17233615451383
0,0,-70.0,12.0,199.3629286024306
0,0,-70.0,15.0,200.85327148437497
0,0,-70.0,18.0,202.53502061631946
0,0,-70.0,21.0,204.5464680989583
0,0,-70.0,24.0,206.82413736979166
0,0,-70.0,27.0,209.2930230034722
0,0,-70.0,30.0,211.95393880208334
0,0,-70.0,33.0,215.05227322048606
0,0,-70.0,36.0,218.63926866319443
0,0,-70.0,39.0,222.52571614583337
0,0,-70.0,42.0,226.7456325954862
0,0,-70.0,45.0,231.43196614583334
0,0,-70.0,48.0,236.59765625
0,0,-70.0,51.0,242.17925347222217
0,0,-70.0,54.0,248.2231987847222
0,0,-70.0,57.0,254.70011393229166
0,0,-70.0,60.0,260.79031032986114
0,0,-70.0,63.0,266.28222656250006
0,0,-70.0,66.0,271.4190538194444
0,0,-70.0,69.0,276.4081217447917
0,0,-70.0,72.0,281.49688042534723
0,0,-70.0,75.0,286.64366319444446
0,0,-70.0,78.0,292.00366210937494
0,0,-70.0,81.0,297.59811740451386
0,0,-70.0,84.0,303.1769205729167
0,0,-70.0,87.0,308.03398980034723
0,0,-70.0,90.0,311.5418565538194
0,0,-70.0,93.0,314.4105088975694
0,0,-70.0,96.0,316.96161566840277
0,0,-70.0,99.0,319.3992241753473
0,0,-70.0,102.0,321.81507703993054
0,0,-70.0,105.0,324.3152940538194
0,0,-70.0,108.0,326.9349500868056
0,0,-70.0,111.0,329.67095269097234
0,0,-70.0,114.0,332.4980197482639
0,0,-70.0,117.0,335.1891547309027
0,0,-70.0,120.0,338.0400933159721
0,0,-70.0,123.0,340.91729058159723
0,0,-70.0,126.0,343.7140028211805
0,0,-70.0,129.0,346.22840711805566
0,0,-70.0,132.0,348.43448893229163
0,0,-70.0,135.0,350.03957790798614
0,0,-70.0,138.0,350.4766981336805
0,0,-70.0,141.0,349.5259874131944
0,0,-70.0,144.0,347.76388888888886
0,0,-70.0,147.0,345.62396918402777
0,0,-70.0,150.0,343.0719672309029
0,0,-70.0,153.0,340.8780924479167
0,0,-70.0,156.0,339.2008734809027
0,0,-70.0,159.0,337.92453342013886
0,0,-70.0,162.0,336.65654839409723
0,0,-70.0,165.0,335.5069444444445
0,0,-70.0,168.0,334.41802300347223
0,0,-70.0,171.0,333.4714355468751
0,0,-70.0,174.0,332.8834364149306
0,0,-70.0,177.0,332.82337782118054
0,0,-70.0,180.0,332.9964192708333
0,0,-60.0,0.0,201.89615885416666
0,0,-60.0,3.0,202.15391710069443
0,0,-60.0,6.0,202.88308376736114
0,0,-60.0,9.0,203.7857530381944
0,0,-60.0,12.0,204.97932942708334
0,0,-60.0,15.0,206.41251627604169
0,0,-60.0,18.0,208.12386067708337
0,0,-60.0,21.0,210.12510850694443
0,0,-60.0,24.0,212.29573567708337
0,0,-60.0,27.0,214.58884006076386
0,0,-60.0,30.0,217.20350477430557
0,0,-60.0,33.0,220.29966905381946
0,0,-60.0,36.0,223.72067599826386
0,0,-60.0,39.0,227.48752170138889
0,0,-60.0,42.0,231.58474392361106
0,0,-60.0,45.0,236.21066623263889
0,0,-60.0,48.0,241.21365017361114
0,0,-60.0,51.0,246.65988498263889
0,0,-60.0,54.0,252.58588324652774
0,0,-60.0,57.0,258.78792317708337
0,0,-60.0,60.0,264.24397786458326
0,0,-60.0,63.0,269.21232096354163
0,0,-60.0,66.0,273.85340711805554
0,0,-60.0,69.0,278.4593912760417
0,0,-60.0,72.0,283.0320909288194
0,0,-60.0,75.0,287.80246310763886
0,0,-60.0,78.0,292.7341851128473
0,0,-60.0,81.0,297.7913682725694
0,0,-60.0,84.0,302.69392903645826
0,0,-60.0,87.0,306.6569552951389
0,0,-60.0,90.0,309.39439561631946
0,0,-60.0,93.0,311.7261555989584
0,0,-60.0,96.0,313.80509440104163
0,0,-60.0,99.0,315.84890407986103
0,0,-60.0,102.0,317.91604275173614
0,0,-60.0,105.0,320.14708116319446
0,0,-60.0,108.0,322.3666449652777
0,0,-60.0,111.0,324.68929036458337
0,0,-60.0,114.0,326.9958224826388
0,0,-60.0,117.0,329.368896484375
0,0,-60.0,120.0,331.837158203125
0,0,-60.0,123.0,334.25086805555554
0,0,-60.0,126.0,336.61621093749994
0,0,-60.0,129.0,338.7135687934029
0,0,-60.0,132.0,340.36436631944434
0,0,-60.0,135.0,341.4171006944445
0,0,-60.0,138.0,341.12790256076397
0,0,-60.0,141.0,339.3613009982639
0,0,-60.0,144.0,337.19194878472223
0,0,-60.0,147.0,334.5475260416667
0,0,-60.0,150.0,331.8472493489583
0,0,-60.0,153.0,329.63932291666663
0,0,-60.0,156.0,327.9316948784723
0,0,-60.0,159.0,326.56225585937494
0,0,-60.0,162.0,325.2903645833333
0,0,-60.0,165.0,324.02870008680554
0,0,-60.0,168.0,323.15898980034723
0,0,-60.0,171.0,322.1306694878473
0,0,-60.0,174.0,321.4695638020833
0,0,-60.0,177.0,321.2112630208332
0,0,-60.0,180.0,321.0986328125
0,0,-50.0,0.0,207.69368489583334
0,0,-50.0,3.0,207.94843207465274
0,0,-50.0,6.0,208.76152886284729
0,0,-50.0,9.0,209.7080620659722
0,0,-50.0,12.0,210.88452148437503
0,0,-50.0,15.0,212.26817491319443
0,0,-50.0,18.0,214.00176323784726
0,0,-50.0,21.0,215.82071940104166
0,0,-50.0,24.0,217.87215169270837
0,0,-50.0,27.0,220.05883789062497
0,0,-50.0,30.0,222.63943142361106
0,0,-50.0,33.0,225.63433159722217
0,0,-50.0,36.0,228.88994683159726
0,0,-50.0,39.0,232.49574110243051
0,0,-50.0,42.0,236.52395290798606
0,0,-50.0,45.0,240.9563259548612
0,0,-50.0,48.0,245.79828559027774
0,0,-50.0,51.0,251.12641059027777
0,0,-50.0,54.0,256.9465603298611
0,0,-50.0,57.0,262.57543945312506
0,0,-50.0,60.0,267.37046983506946
0,0,-50.0,63.0,271.8810221354167
0,0,-50.0,66.0,276.0229763454862
0,0,-50.0,69.0,280.15513780381946
0,0,-50.0,72.0,284.31231011284723
0,0,-50.0,75.0,288.70456271701386
0,0,-50.0,78.0,293.16064453125
0,0,-50.0,81.0,297.6179741753473
0,0,-50.0,84.0,301.8301866319444
0,0,-50.0,87.0,304.77482096354174
0,0,-50.0,90.0,306.8993326822916
0,0,-50.0,93.0,308.78013780381946
0,0,-50.0,96.0,310.4248860677083
0,0,-50.0,99.0,312.1244303385417
0,0,-50.0,102.0,313.8680555555556
0,0,-50.0,105.0,315.7165256076388
0,0,-50.0,108.0,317.5039876302083
0,0,-50.0,111.0,319.4224446614583
0,0,-50.0,114.0,321.2321234809027
0,0,-50.0,117.0,323.13943142361114
0,0,-50.0,120.0,325.177734375
0,0,-50.0,123.0,327.24362521701397
0,0,-50.0,126.0,329.15315755208337
0,0,-50.0,129.0,330.7858072916667
0,0,-50.0,132.0,332.0750596788195
0,0,-50.0,135.0,332.64154730902777
0,0,-50.0,138.0,331.5058322482638
0,0,-50.0,141.0,329.24986436631946
0,0,-50.0,144.0,326.65907118055554
0,0,-50.0,147.0,323.82763671874994
0,0,-50.0,150.0,321.1835123697917
0,0,-50.0,153.0,318.95380316840266
0,0,-50.0,156.0,317.13595920138886
0,0,-50.0,159.0,315.68771701388886
0,0,-50.0,162.0,314.3390028211806
0,0,-50.0,165.0,313.09065755208337
0,0,-50.0,168.0,312.2728949652777
0,0,-50.0,171.0,311.2131076388888
0,0,-50.0,174.0,310.4842936197917
0,0,-50.0,177.0,309.9144694010417
0,0,-50.0,180.0,309.609375
0,0,-40.0,0.0,213.7939453125
0,0,-40.0,3.0,214.10229492187494
0,0,-40.0,6.0,214.90652126736106
0,0,-40.0,9.0,215.89987521701386
0,0,-40.0,12.0,217.08216688368051
0,0,-40.0,15.0,218.41270616319449
0,0,-40.0,18.0,219.97843424479166
0,0,-40.0,21.0,221.68587239583334
0,0,-40.0,24.0,223.60310872395831
0,0,-40.0,27.0,225.70431857638883
0,0,-40.0,30.0,228.22073025173606
0,0,-40.0,33.0,231.04220920138886
0,0,-40.0,36.0,234.1458604600694
0,0,-40.0,39.0,237.55525716145837
0,0,-40.0,42.0,241.38693576388889
0,0,-40.0,45.0,245.6229112413194
0,0,-40.0,48.0,250.35294596354169
0,0,-40.0,51.0,255.54839409722217
0,0,-40.0,54.0,261.1309407552083
0,0,-40.0,57.0,265.9311794704861
0,0,-40.0,60.0,270.1438530815972
0,0,-40.0,63.0,274.097412109375
0,0,-40.0,66.0,277.8712836371527
0,0,-40.0,69.0,281.5372450086806
0,0,-40.0,72.0,285.352783203125
0,0,-40.0,75.0,289.2827690972223
0,0,-40.0,78.0,293.19189453125006
0,0,-40.0,81.0,296.9258897569444
0,0,-40.0,84.0,300.3179524739583
0,0,-40.0,87.0,302.41411675347223
0,0,-40.0,90.0,304.1100802951389
0,0,-40.0,93.0,305.39895290798603
0,0,-40.0,96.0,306.71511501736114
0,0,-40.0,99.0,308.0441080729167
0,0,-40.0,102.0,309.39786783854174
0,0,-40.0,105.0,310.73830837673614
0,0,-40.0,108.0,312.20616319444446
0,0,-40.0,111.0,313.69569227430554
0,0,-40.0,114.0,315.0254448784723
0,0,-40.0,117.0,316.57370334201386
0,0,-40.0,120.0,318.324462890625
0,0,-40.0,123.0,319.9259982638889
0,0,-40.0,126.0,321.36406792534723
0,0,-40.0,129.0,322.56968858506934
0,0,-40.0,132.0,323.36192491319434
0,0,-40.0,135.0,323.27471245659723
0,0,-40.0,138.0,321.51003689236114
0,0,-40.0,141.0,318.95486111111114
0,0,-40.0,144.0,316.1360948350694
0,0,-40.0,147.0,313.4283854166667
0,0,-40.0,150.0,310.8895399305556
0,0,-40.0,153.0,308.67607964409723
0,0,-40.0,156.0,306.8097873263888
0,0,-40.0,159.0,305.3539767795138
0,0,-40.0,162.0,304.0275065104167
0,0,-40.0,165.0,302.7676323784723
0,0,-40.0,168.0,301.8665093315971
0,0,-40.0,171.0,300.6587727864583
0,0,-40.0,174.0,299.5834418402777
0,0,-40.0,177.0,299.19715711805554
0,0,-40.0,180.0,299.0673828125
0,0,-30.0,0.0,220.27180989583334
0,0,-30.0,3.0,220.59095594618054
0,0,-30.0,6.0,221.37795681423606
0,0,-30.0,9.0,222.39916992187494
0,0,-30.0,12.0,223.51028103298614
0,0,-30.0,15.0,224.6255425347222
0,0,-30.0,18.0,226.10571289062497
0,0,-30.0,21.0,227.73847113715283
0,0,-30.0,24.0,229.47580295138889
0,0,-30.0,27.0,231.49240451388886
0,0,-30.0,30.0,233.9043511284722
0,0,-30.0,33.0,236.53480360243054
0,0,-30.0,36.0,239.37586805555551
0,0,-30.0,39.0,242.57215711805557
0,0,-30.0,42.0,246.14667426215274
0,0,-30.0,45.0,250.24161783854166
0,0,-30.0,48.0,254.8555501302084
0,0,-30.0,51.0,259.87830946180554
0,0,-30.0,54.0,264.73912217881946
0,0,-30.0,57.0,268.7547200520833
0,0,-30.0,60.0,272.4254557291667
0,0,-30.0,63.0,275.92952473958337
0,0,-30.0,66.0,279.2939453125
0,0,-30.0,69.0,282.6449652777777
0,0,-30.0,72.0,286.06399197048614
0,0,-30.0,75.0,289.34765625000006
0,0,-30.0,78.0,292.56434461805554
0,0,-30.0,81.0,295.6416558159721
0,0,-30.0,84.0,298.0930718315973
0,0,-30.0,87.0,299.648193359375
0,0,-30.0,90.0,300.80075412326386
0,0,-30.0,93.0,301.72870551215277
0,0,-30.0,96.0,302.59814453125006
0,0,-30.0,99.0,303.6168891059027
0,0,-30.0,102.0,304.5475260416667
0,0,-30.0,105.0,305.5227593315973
0,0,-30.0,108.0,306.5886501736112
0,0,-30.0,111.0,307.64683702256946
0,0,-30.0,114.0,308.68741861979174
0,0,-30.0,117.0,309.95819769965277
0,0,-30.0,120.0,311.31540256076386
0,0,-30.0,123.0,312.38240559895826
0,0,-30.0,126.0,313.25927734375
0,0,-30.0,129.0,313.9708658854167
0,0,-30.0,132.0,314.23809136284723
0,0,-30.0,135.0,313.4156901041667
0,0,-30.0,138.0,311.23182508680554
0,0,-30.0,141.0,308.3966742621529
0,0,-30.0,144.0,305.7129720052083
0,0,-30.0,147.0,303.2198350694444
0,0,-30.0,150.0,300.93497721354163
0,0,-30.0,153.0,298.7975802951389
0,0,-30.0,156.0,296.96563042534723
0,0,-30.0,159.0,295.58658854166674
0,0,-30.0,162.0,294.2830674913195
0,0,-30.0,165.0,292.97753906249994
0,0,-30.0,168.0,291.94379340277777
0,0,-30.0,171.0,290.41449652777777
0,0,-30.0,174.0,289.2056749131944
0,0,-30.0,177.0,288.8024088541667
0,0,-30.0,180.0,288.6800130208333
0,0,-20.0,0.0,227.14680989583334
0,0,-20.0,3.0,227.42976888020831
0,0,-20.0,6.0,228.20144314236106
0,0,-20.0,9.0,229.0891927083334
0,0,-20.0,12.0,229.94580078125
0,0,-20.0,15.0,231.02254231770837
0,0,-20.0,18.0,232.42887369791666
0,0,-20.0,21.0,233.86208767361114
0,0,-20.0,24.0,235.45722113715277
0,0,-20.0,27.0,237.40115017361117
0,0,-20.0,30.0,239.5835503472222
0,0,-20.0,33.0,241.92361111111111
0,0,-20.0,36.0,244.51803927951394
0,0,-20.0,39.0,247.44476996527777
0,0,-20.0,42.0,250.83870442708331
0,0,-20.0,45.0,254.82891167534723
0,0,-20.0,48.0,259.183837890625
0,0,-20.0,51.0,263.7087944878473
0,0,-20.0,54.0,267.62112087673614
0,0,-20.0,57.0,271.0521104600694
0,0,-20.0,60.0,274.21693250868054
0,0,-20.0,63.0,277.309326171875
0,0,-20.0,66.0,280.36767578124994
0,0,-20.0,69.0,283.3344184027777
0,0,-20.0,72.0,286.09754774305554
0,0,-20.0,75.0,288.66395399305554
0,0,-20.0,78.0,291.3123914930556
0,0,-20.0,81.0,293.72954644097223
0,0,-20.0,84.0,295.4994845920139
0,0,-20.0,87.0,296.5660264756944
0,0,-20.0,90.0,297.1772189670139
0,0,-20.0,93.0,297.73985460069434
0,0,-20.0,96.0,298.3220757378473
0,0,-20.0,99.0,298.94270833333337
0,0,-20.0,102.0,299.5218912760417
0,0,-20.0,105.0,300.13161892361103
0,0,-20.0,108.0,300.8021918402777
0,0,-20.0,111.0,301.4796006944444
0,0,-20.0,114.0,302.265869140625
0,0,-20.0,117.0,303.13235134548603
0,0,-20.0,120.0,303.98516167534723
0,0,-20.0,123.0,304.6019422743056
0,0,-20.0,126.0,305.0108235677083
0,0,-20.0,129.0,305.2930501302083
0,0,-20.0,132.0,304.91251627604174
0,0,-20.0,135.0,303.45711263020837
0,0,-20.0,138.0,300.86338975694446
0,0,-20.0,141.0,298.0716145833333
0,0,-20.0,144.0,295.53244357638886
0,0,-20.0,147.0,293.29972330729174
0,0,-20.0,150.0,291.28062608506934
0,0,-20.0,153.0,289.31982421875006
0,0,-20.0,156.0,287.61808268229163
0,0,-20.0,159.0,286.3098415798611
0,0,-20.0,162.0,285.02232530381946
0,0,-20.0,165.0,283.6815592447917
0,0,-20.0,168.0,282.38460286458326
0,0,-20.0,171.0,280.70635308159723
0,0,-20.0,174.0,279.38462999131946
0,0,-20.0,177.0,278.8454318576389
0,0,-20.0,180.0,278.9225260416667
0,0,-10.0,0.0,234.38151041666666
0,0,-10.0,3.0,234.61374240451389
0,0,-10.0,6.0,235.03721788194446
0,0,-10.0,9.0,235.7530924479167
0,0,-10.0,12.0,236.55767144097223
0,0,-10.0,15.0,237.56928168402777
0,0,-10.0,18.0,238.74449327256943
0,0,-10.0,21.0,239.9866265190972
0,0,-10.0,24.0,241.42770724826383
0,0,-10.0,27.0,243.10753038194446
0,0,-10.0,30.0,245.00632052951377
0,0,-10.0,33.0,247.09860568576386
0,0,-10.0,36.0,249.4623209635417
0,0,-10.0,39.0,252.1870659722222
0,0,-10.0,42.0,255.39656575520834
0,0,-10.0,45.0,259.06703016493054
0,0,-10.0,48.0,263.05867513020837
0,0,-10.0,51.0,266.86865234375
0,0,-10.0,54.0,270.0398763020833
0,0,-10.0,57.0,272.8884006076389
0,0,-10.0,60.0,275.5255533854167
0,0,-10.0,63.0,278.1983506944445
0,0,-10.0,66.0,280.83129882812494
0,0,-10.0,69.0,283.2202962239583
0,0,-10.0,72.0,285.3677300347223
0,0,-10.0,75.0,287.4492730034723
0,0,-10.0,78.0,289.54937065972223
0,0,-10.0,81.0,291.3146158854167
0,0,-10.0,84.0,292.59271918402777
0,0,-10.0,87.0,293.18779839409723
0,0,-10.0,90.0,293.42892795138886
0,0,-10.0,93.0,293.62646484375
0,0,-10.0,96.0,293.8634440104167
0,0,-10.0,99.0,294.13783094618054
0,0,-10.0,102.0,294.3256293402777
0,0,-10.0,105.0,294.55235460069446
0,0,-10.0,108.0,294.78917100694446
0,0,-10.0,111.0,295.11314561631946
0,0,-10.0,114.0,295.5118815104167
0,0,-10.0,117.0,296.09909396701374
0,0,-10.0,120.0,296.588623046875
0,0,-10.0,123.0,296.77164713541663
0,0,-10.0,126.0,296.7464463975695
0,0,-10.0,129.0,296.4423285590277
0,0,-10.0,132.0,295.4869249131944
0,0,-10.0,135.0,293.59304470486114
0,0,-10.0,138.0,290.91582573784723
0,0,-10.0,141.0,288.27723524305554
0,0,-10.0,144.0,285.87977430555554
0,0,-10.0,147.0,283.8385687934027
0,0,-10.0,150.0,282.0492350260417
0,0,-10.0,153.0,280.20453559027777
0,0,-10.0,156.0,278.6078830295138
0,0,-10.0,159.0,277.4282769097223
0,0,-10.0,162.0,276.1833767361111
0,0,-10.0,165.0,274.7822265625
0,0,-10.0,168.0,273.30050998263886
0,0,-10.0,171.0,271.52294921875
0,0,-10.0,174.0,270.1681043836805
0,0,-10.0,177.0,269.62255859375
0,0,-10.0,180.0,269.6695963541667
0,0,0.0,0.0,241.14420572916666
0,0,0.0,3.0,241.34095594618054
0,0,0.0,6.0,241.83829752604166
0,0,0.0,9.0,242.46682400173603
0,0,0.0,12.0,243.1337076822916
0,0,0.0,15.0,243.92032877604166
0,0,0.0,18.0,244.81100802951383
0,0,0.0,21.0,245.90776909722223
0,0,0.0,24.0,247.1862250434028
0,0,0.0,27.0,248.5325249565972
0,0,0.0,30.0,250.06382921006946
0,0,0.0,33.0,251.911865234375
0,0,0.0,36.0,254.09871419270837
0,0,0.0,39.0,256.61805555555554
0,0,0.0,42.0,259.58159722222223
0,0,0.0,45.0,262.9640028211806
0,0,0.0,48.0,266.41737196180554
0,0,0.0,51.0,269.37106662326386
0,0,0.0,54.0,271.8239474826389
0,0,0.0,57.0,274.03561740451386
0,0,0.0,60.0,276.2918294270833
0,0,0.0,63.0,278.49791124131946
0,0,0.0,66.0,280.6225857204861
0,0,0.0,69.0,282.40272352430554
0,0,0.0,72.0,284.02511935763886
0,0,0.0,75.0,285.7419704861111
0,0,0.0,78.0,287.27091471354163
0,0,0.0,81.0,288.5574815538194
0,0,0.0,84.0,289.42165798611114
0,0,0.0,87.0,289.55452473958337
0,0,0.0,90.0,289.4543999565973
0,0,0.0,93.0,289.3260091145833
0,0,0.0,96.0,289.27265082465277
0,0,0.0,99.0,289.17477756076386
0,0,0.0,102.0,288.9678548177083
0,0,0.0,105.0,288.7665201822917
0,0,0.0,108.0,288.59901258680554
0,0,0.0,111.0,288.6208767361111
0,0,0.0,114.0,288.8029513888889
0,0,0.0,117.0,289.17909071180554
0,0,0.0,120.0,289.29519314236114
0,0,0.0,123.0,288.987060546875
0,0,0.0,126.0,288.40996636284734
0,0,0.0,129.0,287.64849175347223
0,0,0.0,132.0,286.31776258680554
0,0,0.0,135.0,284.12453884548614
0,0,0.0,138.0,281.5475802951389
0,0,0.0,141.0,279.060546875
0,0,0.0,144.0,276.8172471788194
0,0,0.0,147.0,274.91672092013886
0,0,0.0,150.0,273.2410481770833
0,0,0.0,153.0,271.5214843750001
0,0,0.0,156.0,270.0223795572917
0,0,0.0,159.0,268.843505859375
0,0,0.0,162.0,267.6689181857639
0,0,0.0,165.0,266.2552083333333
0,0,0.0,168.0,264.66162109375006
0,0,0.0,171.0,262.9424913194445
0,0,0.0,174.0,261.60937500000006
0,0,0.0,177.0,261.0537380642361
0,0,0.0,180.0,260.9440104166667
0,0,10.0,0.0,247.4609375
0,0,10.0,3.0,247.67258029513894
0,0,10.0,6.0,248.16981336805557
0,0,10.0,9.0,248.801025390625
0,0,10.0,12.0,249.44571940104166
0,0,10.0,15.0,250.05569118923617
0,0,10.0,18.0,250.70206705729166
0,0,10.0,21.0,251.62226019965277
0,0,10.0,24.0,252.58102756076386
0,0,10.0,27.0,253.54508463541663
0,0,10.0,30.0,254.81589084201394
0,0,10.0,33.0,256.4046223958333
0,0,10.0,36.0,258.29983181423614
0,0,10.0,39.0,260.57625325520826
0,0,10.0,42.0,263.31678602430554
0,0,10.0,45.0,266.23586697048614
0,0,10.0,48.0,269.01407877604163
0,0,10.0,51.0,271.1225043402777
0,0,10.0,54.0,272.90760633680554
0,0,10.0,57.0,274.7026909722223
0,0,10.0,60.0,276.4656304253473
0,0,10.0,63.0,278.1774088541667
0,0,10.0,66.0,279.74981011284723
0,0,10.0,69.0,281.01071506076386
0,0,10.0,72.0,282.28431532118054
0,0,10.0,75.0,283.4989963107639
0,0,10.0,78.0,284.6182725694444
0,0,10.0,81.0,285.5968424479167
0,0,10.0,84.0,285.97610134548614
0,0,10.0,87.0,285.6264377170139
0,0,10.0,90.0,285.26348198784723
0,0,10.0,93.0,284.8707682291667
0,0,10.0,96.0,284.50203450520826
0,0,10.0,99.0,284.05615234374994
0,0,10.0,102.0,283.4248860677083
0,0,10.0,105.0,282.8422037760417
0,0,10.0,108.0,282.4334038628473
0,0,10.0,111.0,282.2010633680556
0,0,10.0,114.0,282.1932779947917
0,0,10.0,117.0,282.30653211805554
0,0,10.0,120.0,281.96337890625
0,0,10.0,123.0,281.16639539930554
0,0,10.0,126.0,280.2597113715277
0,0,10.0,129.0,279.0764973958333
0,0,10.0,132.0,277.230712890625
0,0,10.0,135.0,275.0035807291667
0,0,10.0,138.0,272.60734049479163
0,0,10.0,141.0,270.30707465277777
0,0,10.0,144.0,268.22243923611114
0,0,10.0,147.0,266.4582790798611
0,0,10.0,150.0,264.8431803385417
0,0,10.0,153.0,263.30848524305554
0,0,10.0,156.0,261.8706325954861
0,0,10.0,159.0,260.65804036458337
0,0,10.0,162.0,259.43771701388886
0,0,10.0,165.0,257.9964192708333
0,0,10.0,168.0,256.52596028645837
0,0,10.0,171.0,254.94528537326386
0,0,10.0,174.0,253.6370442708334
0,0,10.0,177.0,253.06483289930554
0,0,10.0,180.0,252.841796875
0,0,20.0,0.0,254.0185546875
0,0,20.0,3.0,254.16715494791663
0,0,20.0,6.0,254.5977105034722
0,0,20.0,9.0,255.09022352430557
0,0,20.0,12.0,255.47992621527774
0,0,20.0,15.0,255.78569878472229
0,0,20.0,18.0,256.31556532118054
0,0,20.0,21.0,256.89390733506946
0,0,20.0,24.0,257.3543294270833
0,0,20.0,27.0,258.034912109375
0,0,20.0,30.0,259.0107150607639
0,0,20.0,33.0,260.2989908854167
0,0,20.0,36.0,261.9330240885417
0,0,20.0,39.0,264.0329047309028
0,0,20.0,42.0,266.39355468750006
0,0,20.0,45.0,268.75439453125
0,0,20.0,48.0,270.70016818576386
0,0,20.0,51.0,272.0890299479167
0,0,20.0,54.0,273.4368489583333
0,0,20.0,57.0,274.7676866319445
0,0,20.0,60.0,276.00474717881946
0,0,20.0,63.0,277.2460123697917
0,0,20.0,66.0,278.327392578125
0,0,20.0,69.0,279.2048611111112
0,0,20.0,72.0,280.0480143229167
0,0,20.0,75.0,280.8987358940973
0,0,20.0,78.0,281.6650390625
0,0,20.0,81.0,282.2084147135418
0,0,20.0,84.0,282.0980631510417
0,0,20.0,87.0,281.51066080729174
0,0,20.0,90.0,280.89390733506946
0,0,20.0,93.0,280.2539605034723
0,0,20.0,96.0,279.5693901909723
0,0,20.0,99.0,278.67369249131946
0,0,20.0,102.0,277.72488064236114
0,0,20.0,105.0,276.90003797743054
0,0,20.0,108.0,276.3099229600694
0,0,20.0,111.0,275.89743381076386
0,0,20.0,114.0,275.669189453125
0,0,20.0,117.0,275.3202311197917
0,0,20.0,120.0,274.5514594184027
0,0,20.0,123.0,273.4855685763889
0,0,20.0,126.0,272.35234917534723
0,0,20.0,129.0,270.76326497395826
0,0,20.0,132.0,268.6408962673611
0,0,20.0,135.0,266.38487413194446
0,0,20.0,138.0,264.14873589409723
0,0,20.0,141.0,261.95814344618054
0,0,20.0,144.0,259.97737630208337
0,0,20.0,147.0,258.3066677517361
0,0,20.0,150.0,256.79684787326397
0,0,20.0,153.0,255.43758138020834
0,0,20.0,156.0,254.10696072048611
0,0,20.0,159.0,252.83799913194446
0,0,20.0,162.0,251.53933376736114
0,0,20.0,165.0,250.16088867187503
0,0,20.0,168.0,248.84798177083331
0,0,20.0,171.0,247.39846462673614
0,0,20.0,174.0,246.18538411458334
0,0,20.0,177.0,245.58813476562503
0,0,20.0,180.0,245.2880859375
0,0,30.0,0.0,260.7861328125
0,0,30.0,3.0,260.91596137152777
0,0,30.0,6.0,261.18863932291674
0,0,30.0,9.0,261.2005479600694
0,0,30.0,12.0,261.24066840277777
0,0,30.0,15.0,261.37396918402777
0,0,30.0,18.0,261.50073242187494
0,0,30.0,21.0,261.4581163194445
0,0,30.0,24.0,261.44664171006946
0,0,30.0,27.0,261.7838541666667
0,0,30.0,30.0,262.53743489583337
0,0,30.0,33.0,263.64556206597223
0,0,30.0,36.0,265.1402723524305
0,0,30.0,39.0,266.8952907986111
0,0,30.0,42.0,268.744873046875
0,0,30.0,45.0,270.4193793402777
0,0,30.0,48.0,271.53238932291663
0,0,30.0,51.0,272.4939778645833
0,0,30.0,54.0,273.4555121527777
0,0,30.0,57.0,274.3158637152779
0,0,30.0,60.0,275.0823296440973
0,0,30.0,63.0,275.75
0,0,30.0,66.0,276.3876410590277
0,0,30.0,69.0,276.94452582465277
0,0,30.0,72.0,277.4360080295139
0,0,30.0,75.0,277.90945095486114
0,0,30.0,78.0,278.23684353298614
0,0,30.0,81.0,278.3656955295139
0,0,30.0,84.0,277.95090060763886
0,0,30.0,87.0,277.20421006944446
0,0,30.0,90.0,276.3483072916667
0,0,30.0,93.0,275.4213324652777
0,0,30.0,96.0,274.3932020399305
0,0,30.0,99.0,273.19647894965277
0,0,30.0,102.0,272.01538085937506
0,0,30.0,105.0,271.01120334201397
0,0,30.0,108.0,270.26226128472223
0,0,30.0,111.0,269.6803114149305
0,0,30.0,114.0,269.12440321180554
0,0,30.0,117.0,268.3143717447917
0,0,30.0,120.0,267.31789822048614
0,0,30.0,123.0,266.0348849826389
0,0,30.0,126.0,264.6034884982639
0,0,30.0,129.0,262.65014648437506
0,0,30.0,132.0,260.50111219618054
0,0,30.0,135.0,258.29562717013886
0,0,30.0,138.0,256.1907009548611
0,0,30.0,141.0,254.09700520833331
0,0,30.0,144.0,252.18996853298611
0,0,30.0,147.0,250.61743164062503
0,0,30.0,150.0,249.17721896701397
0,0,30.0,153.0,247.89621310763886
0,0,30.0,156.0,246.6671278211806
0,0,30.0,159.0,245.38907877604169
0,0,30.0,162.0,244.09773763020834
0,0,30.0,165.0,242.80013020833337
0,0,30.0,168.0,241.56092664930557
0,0,30.0,171.0,240.27232530381946
0,0,30.0,174.0,239.16232638888889
0,0,30.0,177.0,238.52750651041666
0,0,30.0,180.0,238.24381510416666
0,0,40.0,0.0,267.3453776041667
0,0,40.0,3.0,267.34459092881946
0,0,40.0,6.0,267.1303982204861
0,0,40.0,9.0,266.86035156249994
0,0,40.0,12.0,266.59990776909723
0,0,40.0,15.0,266.19989691840277
0,0,40.0,18.0,265.70629882812494
0,0,40.0,21.0,265.1894802517361
0,0,40.0,24.0,264.88918728298614
0,0,40.0,27.0,265.0385199652778
0,0,40.0,30.0,265.57644314236114
0,0,40.0,33.0,266.51573350694446
0,0,40.0,36.0,267.69297960069446
0,0,40.0,39.0,269.03279622395837
0,0,40.0,42.0,270.29977756076397
0,0,40.0,45.0,271.21967230902777
0,0,40.0,48.0,271.8635796440971
0,0,40.0,51.0,272.4944932725694
0,0,40.0,54.0,273.02034505208326
0,0,40.0,57.0,273.397705078125
0,0,40.0,60.0,273.6009657118055
0,0,40.0,63.0,273.77872721354174
0,0,40.0,66.0,274.0147569444444
0,0,40.0,69.0,274.28900824652777
0,0,40.0,72.0,274.5191243489583
0,0,40.0,75.0,274.50417751736114
0,0,40.0,78.0,274.42824978298614
0,0,40.0,81.0,274.24210611979163
0,0,40.0,84.0,273.60696072048614
0,0,40.0,87.0,272.62188042534723
0,0,40.0,90.0,271.4814995659721
0,0,40.0,93.0,270.35807291666674
0,0,40.0,96.0,269.1255154079861
0,0,40.0,99.0,267.73027886284723
0,0,40.0,102.0,266.3462727864583
0,0,40.0,105.0,265.2236599392361
0,0,40.0,108.0,264.33957248263886
0,0,40.0,111.0,263.5203993055556
0,0,40.0,114.0,262.53672960069446
0,0,40.0,117.0,261.50065104166663
0,0,40.0,120.0,260.29516601562494
0,0,40.0,123.0,258.8634982638889
0,0,40.0,126.0,257.0481228298611
0,0,40.0,129.0,254.92043728298611
0,0,40.0,132.0,252.76757812499991
0,0,40.0,135.0,250.63123914930557
0,0,40.0,138.0,248.6663682725694
0,0,40.0,141.0,246.69870334201394
0,0,40.0,144.0,244.87695312500006
0,0,40.0,147.0,243.37234157986111
0,0,40.0,150.0,241.98461914062503
0,0,40.0,153.0,240.78382703993063
0,0,40.0,156.0,239.61447482638894
0,0,40.0,159.0,238.35324435763894
0,0,40.0,162.0,237.10693359374994
0,0,40.0,165.0,235.8784722222222
0,0,40.0,168.0,234.68136935763889
0,0,40.0,171.0,233.50002712673617
0,0,40.0,174.0,232.53664822048614
0,0,40.0,177.0,231.83048502604169
0,0,40.0,180.0,231.52994791666666
0,0,50.0,0.0,272.6139322916667
0,0,50.0,3.0,272.44254557291663
0,0,50.0,6.0,272.0421278211805
0,0,50.0,9.0,271.2704535590277
0,0,50.0,12.0,270.4589572482639
0,0,50.0,15.0,269.6596950954861
0,0,50.0,18.0,268.8551432291667
0,0,50.0,21.0,268.1304253472223
0,0,50.0,24.0,267.6429850260417
0,0,50.0,27.0,267.65147569444446
0,0,50.0,30.0,268.04945203993054
0,0,50.0,33.0,268.69091796875
0,0,50.0,36.0,269.5529513888889
0,0,50.0,39.0,270.3179524739583
0,0,50.0,42.0,270.97591145833337
0,0,50.0,45.0,271.35449218749994
0,0,50.0,48.0,271.67304144965277
0,0,50.0,51.0,271.97680664062494
0,0,50.0,54.0,271.99237738715277
0,0,50.0,57.0,271.8727756076388
0,0,50.0,60.0,271.63720703125006
0,0,50.0,63.0,271.5059407552083
0,0,50.0,66.0,271.4340549045139
0,0,50.0,69.0,271.40180121527777
0,0,50.0,72.0,271.2107747395833
0,0,50.0,75.0,270.8439127604167
0,0,50.0,78.0,270.41541883680554
0,0,50.0,81.0,269.94352213541663
0,0,50.0,84.0,268.99837239583337
0,0,50.0,87.0,267.774169921875
0,0,50.0,90.0,266.51831054687494
0,0,50.0,93.0,265.23605685763886
0,0,50.0,96.0,263.8359917534722
0,0,50.0,99.0,262.2535536024306
0,0,50.0,102.0,260.75596788194446
0,0,50.0,105.0,259.51912434895837
0,0,50.0,108.0,258.46432834201386
0,0,50.0,111.0,257.287353515625
0,0,50.0,114.0,256.1142849392361
0,0,50.0,117.0,254.89680989583334
0,0,50.0,120.0,253.48177083333331
0,0,50.0,123.0,251.85224066840274
0,0,50.0,126.0,249.78257921006946
0,0,50.0,129.0,247.60408528645837
0,0,50.0,132.0,245.46036783854166
0,0,50.0,135.0,243.37744140625
0,0,50.0,138.0,241.54372829861114
0,0,50.0,141.0,239.7001410590278
0,0,50.0,144.0,237.99061414930551
0,0,50.0,147.0,236.52601453993051
0,0,50.0,150.0,235.22528754340274
0,0,50.0,153.0,234.07104492187491
0,0,50.0,156.0,232.9525824652778
0,0,50.0,159.0,231.72116427951389
0,0,50.0,162.0,230.54443359375
0,0,50.0,165.0,229.3752983940973
0,0,50.0,168.0,228.18747287326386
0,0,50.0,171.0,227.08558485243063
0,0,50.0,174.0,226.23904079861111
0,0,50.0,177.0,225.5046929253472
0,0,50.0,180.0,225.20670572916666
0,0,60.0,0.0,276.4534505208333
0,0,60.0,3.0,276.16482204861114
0,0,60.0,6.0,275.17127821180554
0,0,60.0,9.0,273.9086371527777
0,0,60.0,12.0,272.76418728298614
0,0,60.0,15.0,271.8506673177083
0,0,60.0,18.0,270.99663628472223
0,0,60.0,21.0,270.16569010416663
0,0,60.0,24.0,269.6434733072917
0,0,60.0,27.0,269.5306803385417
0,0,60.0,30.0,269.7408040364583
0,0,60.0,33.0,270.12877061631946
0,0,60.0,36.0,270.5701497395833
0,0,60.0,39.0,270.8131239149306
0,0,60.0,42.0,270.9464246961806
0,0,60.0,45.0,270.9590657552083
0,0,60.0,48.0,270.9744194878472
0,0,60.0,51.0,270.9223361545139
0,0,60.0,54.0,270.53653971354163
0,0,60.0,57.0,270.05140516493054
0,0,60.0,60.0,269.4965820312501
0,0,60.0,63.0,269.0914713541667
0,0,60.0,66.0,268.6866319444445
0,0,60.0,69.0,268.16254340277777
0,0,60.0,72.0,267.6082356770833
0,0,60.0,75.0,266.9219292534722
0,0,60.0,78.0,266.15462239583326
0,0,60.0,81.0,265.44140625
0,0,60.0,84.0,264.27088758680554
0,0,60.0,87.0,262.89756944444446
0,0,60.0,90.0,261.5668131510417
0,0,60.0,93.0,260.1114637586806
0,0,60.0,96.0,258.59963650173614
0,0,60.0,99.0,256.9172905815971
0,0,60.0,102.0,255.31719292534723
0,0,60.0,105.0,253.93665907118057
0,0,60.0,108.0,252.65096028645843
0,0,60.0,111.0,251.19710286458334
0,0,60.0,114.0,249.88094075520837
0,0,60.0,117.0,248.55330403645834
0,0,60.0,120.0,246.90294053819443
0,0,60.0,123.0,245.06844075520834
0,0,60.0,126.0,242.85020616319443
0,0,60.0,129.0,240.64564344618054
0,0,60.0,132.0,238.53908962673611
0,0,60.0,135.0,236.53900824652783
0,0,60.0,138.0,234.81540256076389
0,0,60.0,141.0,233.07609049479166
0,0,60.0,144.0,231.43731011284714
0,0,60.0,147.0,230.04418945312503
0,0,60.0,150.0,228.82790798611114
0,0,60.0,153.0,227.70141601562503
0,0,60.0,156.0,226.62619357638889
0,0,60.0,159.0,225.45890299479163
0,0,60.0,162.0,224.3709038628472
0,0,60.0,165.0,223.24614800347229
0,0,60.0,168.0,222.05875651041663
0,0,60.0,171.0,221.02159288194446
0,0,60.0,174.0,220.23950195312497
0,0,60.0,177.0,219.5489637586805
0,0,60.0,180.0,219.2724609375
0,0,70.0,0.0,278.8720703125
0,0,70.0,3.0,278.2368977864583
0,0,70.0,6.0,276.83748372395837
0,0,70.0,9.0,275.4875759548611
0,0,70.0,12.0,274.27183702256946
0,0,70.0,15.0,273.3255750868055
0,0,70.0,18.0,272.45499674479163
0,0,70.0,21.0,271.6019694010417
0,0,70.0,24.0,270.9755316840278
0,0,70.0,27.0,270.70792643229163
0,0,70.0,30.0,270.8279079861111
0,0,70.0,33.0,271.022216796875
0,0,70.0,36.0,270.9715440538194
0,0,70.0,39.0,270.8254665798611
0,0,70.0,42.0,270.605224609375
0,0,70.0,45.0,270.2689073350694
0,0,70.0,48.0,270.03106011284723
0,0,70.0,51.0,269.56909179687506
0,0,70.0,54.0,268.8513454861111
0,0,70.0,57.0,267.9751247829861
0,0,70.0,60.0,267.1064724392361
0,0,70.0,63.0,266.37413194444434
0,0,70.0,66.0,265.5526529947917
0,0,70.0,69.0,264.64260525173614
0,0,70.0,72.0,263.64971245659723
0,0,70.0,75.0,262.69072808159734
0,0,70.0,78.0,261.78122287326386
0,0,70.0,81.0,260.9146050347223
0,0,70.0,84.0,259.5734049479167
0,0,70.0,87.0,258.1100531684028
0,0,70.0,90.0,256.62668185763886
0,0,70.0,93.0,255.10660807291666
0,0,70.0,96.0,253.482421875
0,0,70.0,99.0,251.73139105902774
0,0,70.0,102.0,250.0100640190972
0,0,70.0,105.0,248.52037217881946
0,0,70.0,108.0,246.93229166666663
0,0,70.0,111.0,245.34163411458334
0,0,70.0,114.0,243.90467664930557
0,0,70.0,117.0,242.47870551215277
0,0,70.0,120.0,240.58884006076386
0,0,70.0,123.0,238.55528428819443
0,0,70.0,126.0,236.26532660590277
0,0,70.0,129.0,234.06882052951383
0,0,70.0,132.0,231.99557834201383
0,0,70.0,135.0,230.08558485243051
0,0,70.0,138.0,228.43245442708334
0,0,70.0,141.0,226.79093424479169
0,0,70.0,144.0,225.21435546874997
0,0,70.0,147.0,223.88519965277777
0,0,70.0,150.0,222.73586697048614
0,0,70.0,153.0,221.67046440972223
0,0,70.0,156.0,220.62641059027777
0,0,70.0,159.0,219.54760742187503
0,0,70.0,162.0,218.55164930555557
0,0,70.0,165.0,217.45770941840283
0,0,70.0,168.0,216.26733398437503
0,0,70.0,171.0,215.28078884548611
0,0,70.0,174.0,214.55110677083334
0,0,70.0,177.0,213.8768446180556
0,0,70.0,180.0,213.69466145833334
0,0,80.0,0.0,279.7314453125
0,0,80.0,3.0,279.00632052951386
0,0,80.0,6.0,277.7125922309027
0,0,80.0,9.0,276.3939344618055
0,0,80.0,12.0,275.14295789930554
0,0,80.0,15.0,274.2065700954861
0,0,80.0,18.0,273.39873589409723
0,0,80.0,21.0,272.5094401041667
0,0,80.0,24.0,271.7950575086805
0,0,80.0,27.0,271.4494086371527
0,0,80.0,30.0,271.4088812934027
0,0,80.0,33.0,271.27517361111114
0,0,80.0,36.0,270.88096788194446
0,0,80.0,39.0,270.4745279947917
0,0,80.0,42.0,269.93853081597223
0,0,80.0,45.0,269.36100260416663
0,0,80.0,48.0,268.80238172743054
0,0,80.0,51.0,267.9427897135417
0,0,80.0,54.0,266.8176812065973
0,0,80.0,57.0,265.5718044704861
0,0,80.0,60.0,264.3758138020833
0,0,80.0,63.0,263.25976562500006
0,0,80.0,66.0,262.0489637586806
0,0,80.0,69.0,260.8021647135416
0,0,80.0,72.0,259.51611328125
0,0,80.0,75.0,258.40920681423614
0,0,80.0,78.0,257.44835069444446
0,0,80.0,81.0,256.4371202256944
0,0,80.0,84.0,254.94287109374997
0,0,80.0,87.0,253.35329861111106
0,0,80.0,90.0,251.75981987847217
0,0,80.0,93.0,250.18866644965274
0,0,80.0,96.0,248.45703125
0,0,80.0,99.0,246.61333550347223
0,0,80.0,102.0,244.83460828993057
0,0,80.0,105.0,243.17428927951394
0,0,80.0,108.0,241.39971245659726
0,0,80.0,111.0,239.72056749131943
0,0,80.0,114.0,238.18101671006949
0,0,80.0,117.0,236.57321506076386
0,0,80.0,120.0,234.5179578993056
0,0,80.0,123.0,232.3506401909722
0,0,80.0,126.0,230.04231770833334
0,0,80.0,129.0,227.85525173611106
0,0,80.0,132.0,225.8229166666667
0,0,80.0,135.0,223.98624674479166
0,0,80.0,138.0,222.38804796006943
0,0,80.0,141.0,220.8272026909722
0,0,80.0,144.0,219.32047526041669
0,0,80.0,147.0,218.03374565972226
0,0,80.0,150.0,216.9326714409722
0,0,80.0,153.0,215.90334743923617
0,0,80.0,156.0,214.93405490451389
0,0,80.0,159.0,213.96959092881946
0,0,80.0,162.0,213.05685763888883
0,0,80.0,165.0,211.98453776041666
0,0,80.0,168.0,210.78944227430554
0,0,80.0,171.0,209.8470323350694
0,0,80.0,174.0,209.15931532118054
0,0,80.0,177.0,208.49557834201383
0,0,80.0,180.0,208.41145833333334
0,0,90.0,0.0,279.6809895833333
0,0,90.0,3.0,279.05319552951386
0,0,90.0,6.0,278.0609266493056
0,0,90.0,9.0,276.79199218750006
0,0,90.0,12.0,275.5565592447917
0,0,90.0,15.0,274.5553927951388
0,0,90.0,18.0,273.7220052083333
0,0,90.0,21.0,272.90912543402777
0,0,90.0,24.0,272.24877929687494
0,0,90.0,27.0,271.87953016493054
0,0,90.0,30.0,271.5148925781249
0,0,90.0,33.0,271.02099609375006
0,0,90.0,36.0,270.39737955729163
0,0,90.0,39.0,269.7075466579861
0,0,90.0,42.0,268.86824544270837
0,0,90.0,45.0,268.0411783854167
0,0,90.0,48.0,267.17108832465277
0,0,90.0,51.0,265.9173448350694
0,0,90.0,54.0,264.42637803819446
0,0,90.0,57.0,262.8036566840277
0,0,90.0,60.0,261.3238932291667
0,0,90.0,63.0,259.918701171875
0,0,90.0,66.0,258.376953125
0,0,90.0,69.0,256.84269205729174
0,0,90.0,72.0,255.42483181423614
0,0,90.0,75.0,254.20876736111114
0,0,90.0,78.0,253.16501193576389
0,0,90.0,81.0,251.9807942708333
0,0,90.0,84.0,250.3819173177084
0,0,90.0,87.0,248.6798502604166
0,0,90.0,90.0,246.99663628472226
0,0,90.0,93.0,245.32839626736114
0,0,90.0,96.0,243.53523763020831
0,0,90.0,99.0,241.63460286458337
0,0,90.0,102.0,239.77237955729166
0,0,90.0,105.0,237.94007703993057
0,0,90.0,108.0,236.06776258680551
0,0,90.0,111.0,234.34445529513883
0,0,90.0,114.0,232.71142578124997
0,0,90.0,117.0,230.87215169270831
0,0,90.0,120.0,228.68630642361114
0,0,90.0,123.0,226.4488932291666
0,0,90.0,126.0,224.15530056423611
0,0,90.0,129.0,221.98120117187503
0,0,90.0,132.0,219.99696180555557
0,0,90.0,135.0,218.2223307291666
0,0,90.0,138.0,216.66278754340277
0,0,90.0,141.0,215.17770724826394
0,0,90.0,144.0,213.73513454861103
0,0,90.0,147.0,212.490234375
0,0,90.0,150.0,211.41672092013894
0,0,90.0,153.0,210.40581597222229
0,0,90.0,156.0,209.49975585937497
0,0,90.0,159.0,208.65673828124997
0,0,90.0,162.0,207.8488226996527
0,0,90.0,165.0,206.80593532986111
0,0,90.0,168.0,205.59648980034723
0,0,90.0,171.0,204.7056206597222
0,0,90.0,174.0,204.039794921875
0,0,90.0,177.0,203.39314778645834
0,0,90.0,180.0,203.2275390625
0,0,100.0,0.0,278.8444010416667
0,0,100.0,3.0,278.64255099826386
0,0,100.0,6.0,277.9171006944444
0,0,100.0,9.0,276.88872612847223
0,0,100.0,12.0,275.7318522135417
0,0,100.0,15.0,274.7218153211806
0,0,100.0,18.0,273.86100260416663
0,0,100.0,21.0,273.0379774305556
0,0,100.0,24.0,272.38715277777777
0,0,100.0,27.0,271.83946397569446
0,0,100.0,30.0,271.15945095486114
0,0,100.0,33.0,270.45383029513886
0,0,100.0,36.0,269.6185709635417
0,0,100.0,39.0,268.65394422743054
0,0,100.0,42.0,267.5463324652778
0,0,100.0,45.0,266.46896701388886
0,0,100.0,48.0,265.20090060763886
0,0,100.0,51.0,263.5712348090278
0,0,100.0,54.0,261.69989691840277
0,0,100.0,57.0,259.81713867187506
0,0,100.0,60.0,258.1016710069444
0,0,100.0,63.0,256.3953179253473
0,0,100.0,66.0,254.64510091145837
0,0,100.0,69.0,252.9458279079862
0,0,100.0,72.0,251.42583550347217
0,0,100.0,75.0,250.1012641059028
0,0,100.0,78.0,248.93448893229166
0,0,100.0,81.0,247.62727864583337
0,0,100.0,84.0,245.93766276041663
0,0,100.0,87.0,244.12611219618054
0,0,100.0,90.0,242.33140733506946
0,0,100.0,93.0,240.56057400173611
0,0,100.0,96.0,238.75564236111114
0,0,100.0,99.0,236.7750379774306
0,0,100.0,102.0,234.80059136284723
0,0,100.0,105.0,232.8475477430556
0,0,100.0,108.0,230.9334852430555
0,0,100.0,111.0,229.17133246527774
0,0,100.0,114.0,227.40242513020831
0,0,100.0,117.0,225.39952256944443
0,0,100.0,120.0,223.11203342013889
0,0,100.0,123.0,220.8465983072917
0,0,100.0,126.0,218.5733506944444
0,0,100.0,129.0,216.4170464409722
0,0,100.0,132.0,214.48155381944449
0,0,100.0,135.0,212.76310221354163
0,0,100.0,138.0,211.24495442708334
0,0,100.0,141.0,209.82980685763886
0,0,100.0,144.0,208.44224717881949
0,0,100.0,147.0,207.22352430555551
0,0,100.0,150.0,206.17849392361114
0,0,100.0,153.0,205.18055555555557
0,0,100.0,156.0,204.33382161458334
0,0,100.0,159.0,203.58005099826386
0,0,100.0,162.0,202.85240342881937
0,0,100.0,165.0,201.87106662326386
0,0,100.0,168.0,200.67957899305557
0,0,100.0,171.0,199.8228352864584
0,0,100.0,174.0,199.18079969618051
0,0,100.0,177.0,198.5480143229167
0,0,100.0,180.0,198.31380208333334
